ID	log2(fold change)	-log10(Pvalue)
A_19_P00315627	1.352	4.533
A_19_P00315647	1.6	3.886
A_19_P00315804	1.192	4.22
A_19_P00315914	0.576	3.196
A_19_P00317793	0.713	4.049
A_19_P00318113	-1.875	4.03
A_19_P00318304	0.745	4.43
A_19_P00320759	0.676	3.09
A_19_P00320792	0.555	3.332
A_19_P00322058	0.827	3.113
A_19_P00322220	0.752	3.85
A_19_P00322573	0.577	3.39
A_19_P00322605	1.852	4.267
A_19_P00322967	0.707	3.83
A_19_P00802098	0.566	3.066
A_19_P00803558	0.424	3.155
A_19_P00810465	0.514	3.371
A_19_P00812924	1.328	3.638
A_21_P0000003	0.88	4.92
A_21_P0000015	2.981	4.284
A_21_P0000173	2.024	6.323
A_21_P0000234	-0.353	3.124
A_21_P0000473	0.529	3.273
A_21_P0000504	1.565	5.162
A_21_P0000560	1.309	3.661
A_21_P0000611	0.556	3.87
A_21_P0000624	0.815	3.243
A_21_P0000661	-2.005	4.883
A_21_P0000676	1.221	4.26
A_21_P0000711	0.65	3.202
A_21_P0000805	1.305	3.339
A_21_P0000821	-0.461	3.088
A_21_P0000913	0.781	3.166
A_21_P0001015	0.888	3.11
A_21_P0001111	5.513	6.533
A_21_P0001161	3.825	5.936
A_21_P0001170	1.235	3.38
A_21_P0001397	1.093	4.553
A_21_P0001405	1.23	3.926
A_21_P0001497	2.188	3.202
A_21_P0001637	0.862	3.56
A_21_P0001659	3.991	5.873
A_21_P0001892	-0.635	3.289
A_21_P0001993	0.593	3.804
A_21_P0002107	1.902	4.14
A_21_P0002142	4.85	7.1
A_21_P0002352	-1.762	3.551
A_21_P0002355	1.473	3.426
A_21_P0002441	0.887	3.384
A_21_P0002595	0.752	3.069
A_21_P0002746	6.308	5.384
A_21_P0002985	-1.461	4.407
A_21_P0002988	-1.793	3.926
A_21_P0003673	1.167	3.121
A_21_P0003868	1.348	3.251
A_21_P0003882	-0.779	3.651
A_21_P0004107	0.718	3.073
A_21_P0004168	1.288	3.299
A_21_P0004243	1.651	3.44
A_21_P0004526	3.562	7.131
A_21_P0004678	0.802	3.895
A_21_P0004942	0.767	3.922
A_21_P0005057	1.195	3.415
A_21_P0005129	1.043	4.862
A_21_P0005192	0.901	4.348
A_21_P0005234	2.189	3.106
A_21_P0005248	0.777	3.938
A_21_P0005786	1.317	4.205
A_21_P0006001	1.466	4.77
A_21_P0006062	1.567	3.557
A_21_P0006124	1.925	5.045
A_21_P0006146	0.91	4.199
A_21_P0006147	0.621	3.319
A_21_P0006186	1.516	3.246
A_21_P0006446	1.128	3.284
A_21_P0006521	3.011	8.514
A_21_P0006884	-0.75	3.089
A_21_P0006896	0.808	3.45
A_21_P0006970	-0.691	3.506
A_21_P0007152	1.455	4.236
A_21_P0007160	4.651	5.565
A_21_P0007225	0.465	3.112
A_21_P0007323	-1.475	4.337
A_21_P0007405	1.693	5.023
A_21_P0007426	3.378	6.156
A_21_P0007544	1.702	4.577
A_21_P0007596	0.723	3.408
A_21_P0007652	1.173	3.129
A_21_P0007662	5.026	8.791
A_21_P0007693	1.261	3.115
A_21_P0007739	0.749	3.145
A_21_P0007742	1.015	5.255
A_21_P0007781	1.76	3.27
A_21_P0008117	1.289	3.095
A_21_P0008212	2.185	3.149
A_21_P0008292	1.52	3.186
A_21_P0008324	1.497	3.298
A_21_P0008627	-0.373	3.149
A_21_P0008717	0.79	3.507
A_21_P0008777	1.768	4.642
A_21_P0008937	1.352	4.389
A_21_P0009454	1.25	3.204
A_21_P0009551	-1.021	4.508
A_21_P0009667	2.208	3.29
A_21_P0009730	0.644	3.765
A_21_P0009739	-0.538	3.234
A_21_P0010458	1.133	4.481
A_21_P0010600	0.763	3.389
A_21_P0010663	-0.971	4.152
A_21_P0010755	1.398	4.272
A_21_P0010773	0.969	4.272
A_21_P0011364	0.7	4.051
A_21_P0011517	1.625	4.711
A_21_P0011533	-0.954	3.46
A_21_P0011619	0.677	3.083
A_21_P0011633	3.031	4.723
A_21_P0011743	-0.664	3.234
A_21_P0011746	1.595	3.321
A_21_P0011933	1.22	5.059
A_21_P0011980	0.874	3.225
A_21_P0011982	0.718	3.747
A_21_P0012073	1.801	5.209
A_21_P0012253	-0.923	4.262
A_21_P0012260	-0.584	3.259
A_21_P0012302	1.662	3.372
A_21_P0012336	0.824	3.185
A_21_P0012439	2.034	4.777
A_21_P0012568	0.381	3.261
A_21_P0012897	-1.035	3.247
A_21_P0013028	1.2	4.253
A_21_P0013034	0.741	3.216
A_21_P0013059	1.758	3.885
A_21_P0013078	0.847	4.993
A_21_P0013134	1.156	3.236
A_21_P0013282	1.316	3.15
A_21_P0013299	0.624	3.414
A_21_P0013333	0.514	3.213
A_21_P0013352	1.129	3.452
A_21_P0013354	1.012	4.647
A_21_P0013475	1.239	6.118
A_21_P0013512	1.107	5.529
A_21_P0013513	1.118	3.904
A_21_P0013514	1.288	5.684
A_21_P0013617	1.013	5.01
A_21_P0013618	1.081	4.061
A_21_P0013723	-0.631	4.609
A_21_P0013748	0.833	4.395
A_21_P0013751	0.723	3.72
A_21_P0013837	1.948	4.906
A_21_P0014091	1.921	5.092
A_21_P0014172	0.736	3.173
A_21_P0014188	1.551	5.307
A_21_P0014194	-0.546	3.585
A_21_P0014349	0.853	3.385
A_21_P0014427	0.91	4.223
A_21_P0014446	0.99	5.136
A_21_P0014839	0.498	3.138
A_21_P0014898	1.244	5.052
A_21_P0014908	0.791	3.682
A_23_P100001	-0.412	3.19
A_23_P101811	0.528	3.484
A_23_P101992	1.09	3.206
A_23_P102117	1.676	3.868
A_23_P102172	1.375	3.874
A_23_P103110	0.458	3.115
A_23_P103433	0.391	3.115
A_23_P103661	0.437	3.409
A_23_P103756	0.958	3.279
A_23_P103932	1.236	3.968
A_23_P104318	1.561	6.688
A_23_P104563	0.65	3.914
A_23_P105794	1.991	5.508
A_23_P105862	0.464	3.418
A_23_P106194	2.373	6.824
A_23_P106675	1.861	5.292
A_23_P106761	-0.384	3.17
A_23_P107775	0.471	3.257
A_23_P107963	1.313	4.014
A_23_P108342	0.459	3.136
A_23_P110196	4.008	8.359
A_23_P111000	1.113	5.567
A_23_P111054	-0.595	3.235
A_23_P111092	-0.511	3.132
A_23_P111804	4.326	8.972
A_23_P11262	-0.64	3.994
A_23_P112634	0.546	3.182
A_23_P117582	1.355	5.512
A_23_P119573	0.545	3.342
A_23_P119593	-0.607	3.692
A_23_P120002	4.049	8.008
A_23_P120125	1.552	5.465
A_23_P120316	0.894	5.087
A_23_P12062	0.437	3.354
A_23_P120694	0.861	4.561
A_23_P120845	1.039	5.412
A_23_P121011	1.044	3.823
A_23_P121253	2.765	7.386
A_23_P12173	0.575	3.443
A_23_P123071	0.83	3.67
A_23_P12363	-0.562	3.97
A_23_P123672	3.174	8.049
A_23_P124190	2.219	6.368
A_23_P124905	1.39	4.777
A_23_P125278	5.091	8.795
A_23_P126103	0.724	4.054
A_23_P126486	0.668	3.608
A_23_P126706	1.446	3.914
A_23_P126908	1.227	3.594
A_23_P127891	0.811	3.347
A_23_P128008	0.811	4.914
A_23_P128817	1.865	5.545
A_23_P129786	0.489	3.202
A_23_P130149	0.538	3.272
A_23_P130482	0.465	3.404
A_23_P130974	0.776	3.267
A_23_P131348	0.483	3.291
A_23_P132159	5.139	9.273
A_23_P132826	0.905	3.98
A_23_P133133	0.885	3.765
A_23_P133284	0.405	3.159
A_23_P134419	-0.978	3.193
A_23_P134454	1.628	5.307
A_23_P136371	0.607	3.853
A_23_P1374	0.539	3.453
A_23_P139547	-0.544	3.911
A_23_P139635	1.546	3.186
A_23_P139786	7.594	9.394
A_23_P141394	0.846	4.51
A_23_P14184	0.639	4.27
A_23_P142750	2.232	7.339
A_23_P144697	-1.08	5.539
A_23_P145068	0.427	3.273
A_23_P145694	1.093	5.493
A_23_P145874	6.722	8.427
A_23_P148047	1.731	5.415
A_23_P150609	2.695	6.847
A_23_P15146	0.85	3.504
A_23_P151614	0.782	4.153
A_23_P152782	2.561	8.133
A_23_P152791	1.255	3.63
A_23_P152838	4.62	6.058
A_23_P15285	0.605	3.192
A_23_P153320	1.925	4.557
A_23_P15357	2.175	7.903
A_23_P154235	3.042	8.611
A_23_P154488	1.748	5.242
A_23_P15450	1.161	4.809
A_23_P155376	0.581	3.898
A_23_P155890	-0.546	3.426
A_23_P156061	0.507	3.263
A_23_P157170	-0.528	3.942
A_23_P159851	0.564	3.53
A_23_P160025	4.336	7.305
A_23_P160940	1.198	3.4
A_23_P162010	3.074	4.135
A_23_P162142	-0.522	3.423
A_23_P16275	1.328	3.193
A_23_P163353	-1.128	4.346
A_23_P165984	0.465	3.423
A_23_P166	1.032	4.205
A_23_P166051	0.641	3.066
A_23_P166797	3.123	4.018
A_23_P166884	1.747	3.431
A_23_P167129	0.822	3.594
A_23_P167159	0.449	3.22
A_23_P167358	0.677	3.704
A_23_P167983	1.381	6.567
A_23_P168551	-0.643	4.048
A_23_P168556	0.495	3.504
A_23_P16944	-0.438	3.09
A_23_P169629	0.856	4.609
A_23_P169978	0.531	3.634
A_23_P170186	0.95	3.502
A_23_P17663	6.495	8.971
A_23_P18447	1.045	3.953
A_23_P18604	1.459	4.693
A_23_P1962	1.511	6.701
A_23_P200325	1.026	3.263
A_23_P200670	0.697	3.942
A_23_P20122	2.871	5.767
A_23_P201342	-0.558	3.724
A_23_P201459	6.886	9.929
A_23_P202978	3.22	3.744
A_23_P204087	4.21	6.191
A_23_P20443	-0.509	3.24
A_23_P204484	-0.555	4.32
A_23_P205875	0.708	3.198
A_23_P207319	0.51	3.156
A_23_P20752	0.646	3.83
A_23_P209200	-0.48	3.853
A_23_P210690	1.504	6.286
A_23_P21134	2.369	7.787
A_23_P21207	0.935	3.403
A_23_P212475	1.01	5.614
A_23_P212608	-0.842	4.06
A_23_P213385	-0.408	3.334
A_23_P214080	0.776	3.69
A_23_P214267	-2.132	3.887
A_23_P214587	0.487	3.104
A_23_P216655	4.049	5.966
A_23_P216920	-0.431	3.288
A_23_P217901	-1.107	3.406
A_23_P218463	0.601	3.531
A_23_P22682	0.375	3.087
A_23_P23074	6.963	8.672
A_23_P23141	-0.566	4.228
A_23_P23947	0.842	3.799
A_23_P24004	6.597	10.17
A_23_P250358	7.03	10.146
A_23_P250629	3.346	6.302
A_23_P25194	0.901	4.771
A_23_P252106	0.562	4.289
A_23_P25403	0.588	3.334
A_23_P254863	1.363	5.62
A_23_P255535	1.129	3.091
A_23_P257417	0.411	3.256
A_23_P257649	-0.415	3.078
A_23_P257803	1.907	3.251
A_23_P257834	1.099	4.07
A_23_P257905	-0.692	4.698
A_23_P258944	0.524	3.374
A_23_P259292	0.92	3.43
A_23_P259580	0.947	3.649
A_23_P26583	2.728	4.175
A_23_P27649	0.664	3.769
A_23_P29773	1.835	3.535
A_23_P29922	4.082	6.602
A_23_P29953	2.009	3.81
A_23_P30069	5.26	9.977
A_23_P301372	0.469	3.158
A_23_P306352	1.528	4.157
A_23_P307400	0.575	3.852
A_23_P308974	1.195	3.5
A_23_P310582	0.786	4.29
A_23_P315364	3.258	7.126
A_23_P315451	0.419	3.318
A_23_P316121	-0.735	3.845
A_23_P316582	1.026	3.311
A_23_P319013	0.537	3.354
A_23_P320739	1.558	4.716
A_23_P321501	0.941	4.405
A_23_P3221	0.707	3.362
A_23_P32233	2.65	5.463
A_23_P32404	0.61	3.352
A_23_P325661	0.437	3.119
A_23_P328740	3.235	5.223
A_23_P334664	1.356	6.154
A_23_P336992	0.808	3.129
A_23_P337800	3.289	4.031
A_23_P340188	0.841	3.557
A_23_P342668	0.408	3.072
A_23_P343411	0.47	3.581
A_23_P348264	0.718	4.089
A_23_P34915	2.474	8.019
A_23_P350107	0.64	3.559
A_23_P35082	1.159	5.216
A_23_P351215	0.631	4.142
A_23_P352266	-0.427	3.387
A_23_P354027	0.546	4.013
A_23_P354547	2.046	4.826
A_23_P354827	0.643	4.111
A_23_P3552	0.897	3.991
A_23_P356163	1.226	3.393
A_23_P356526	0.631	4.356
A_23_P356565	0.477	3.384
A_23_P358944	1.616	7.295
A_23_P359214	2.246	4.768
A_23_P35989	0.615	3.447
A_23_P359897	0.4	3.293
A_23_P362637	0.467	3.854
A_23_P363301	1.125	4.853
A_23_P365719	1.018	5.203
A_23_P36658	-0.645	3.685
A_23_P370682	5.647	6.154
A_23_P374149	0.658	3.71
A_23_P37441	1.85	6.267
A_23_P37892	0.527	3.691
A_23_P380318	2.137	4.504
A_23_P380857	1.457	4.033
A_23_P38346	4.05	7.576
A_23_P384532	0.583	3.223
A_23_P39237	0.945	5.196
A_23_P392476	0.598	3.128
A_23_P393749	0.391	3.179
A_23_P39454	1.706	3.093
A_23_P39465	8.844	10.798
A_23_P397019	0.531	3.707
A_23_P39766	1.251	5.014
A_23_P39955	-0.862	3.765
A_23_P403081	0.492	3.524
A_23_P405885	0.623	3.562
A_23_P407206	-0.552	3.933
A_23_P408353	0.492	3.633
A_23_P411296	0.978	5.648
A_23_P413803	0.56	3.346
A_23_P41470	5.701	4.785
A_23_P416395	1.291	5.071
A_23_P417261	1.442	3.402
A_23_P41765	1.782	5.575
A_23_P420196	1.12	3.333
A_23_P421011	0.465	3.387
A_23_P421811	0.649	3.252
A_23_P42397	-0.548	3.278
A_23_P42718	1.008	5.497
A_23_P427703	0.453	3.413
A_23_P428248	0.868	3.737
A_23_P429998	1.005	3.646
A_23_P430411	2.909	3.327
A_23_P430728	3.194	5.195
A_23_P432591	0.637	3.561
A_23_P432610	-0.394	3.086
A_23_P433152	0.937	5.026
A_23_P45185	0.842	3.275
A_23_P45871	5.515	9.889
A_23_P46829	2.232	4.95
A_23_P47691	2.29	5.643
A_23_P48029	0.895	5.161
A_23_P48807	0.514	3.324
A_23_P48826	0.591	3.273
A_23_P49041	0.955	5.372
A_23_P500130	-0.433	3.34
A_23_P50217	0.641	4.378
A_23_P50426	-0.433	3.333
A_23_P51479	1.268	3.387
A_23_P51936	2.766	3.72
A_23_P52207	0.599	4.517
A_23_P52266	5.051	8.997
A_23_P53126	1.558	4.768
A_23_P53137	2.115	6.183
A_23_P53267	0.4	3.298
A_23_P54469	2.084	6.915
A_23_P54622	-0.971	5.27
A_23_P54846	1.313	5.917
A_23_P55127	0.62	4.127
A_23_P55136	-0.399	3.228
A_23_P55706	1.047	5.586
A_23_P55990	0.561	3.761
A_23_P56654	0.798	4.501
A_23_P57856	0.959	5.238
A_23_P58321	-0.639	3.249
A_23_P58390	1.811	3.814
A_23_P58538	0.731	4.644
A_23_P59005	4.812	9.577
A_23_P60079	1.268	4.941
A_23_P60180	-0.407	3.158
A_23_P60534	-0.784	4.536
A_23_P61674	0.841	5.493
A_23_P6263	2.623	4.292
A_23_P62890	2.913	3.656
A_23_P63870	0.623	3.203
A_23_P64661	2.472	5.481
A_23_P64669	0.419	3.605
A_23_P64828	8.029	11.8
A_23_P65100	0.695	3.884
A_23_P65262	0.59	3.333
A_23_P65427	0.684	4.723
A_23_P65442	4.241	8.315
A_23_P66241	1.385	4.197
A_23_P68155	7.776	10.634
A_23_P68978	0.839	3.579
A_23_P69109	3.064	6.387
A_23_P69383	3.938	7.646
A_23_P69497	1.035	4.91
A_23_P70398	1.681	5.77
A_23_P7144	3.577	7.017
A_23_P71774	7.722	9.864
A_23_P7253	0.732	4.563
A_23_P72737	7.018	10.242
A_23_P73150	0.629	3.844
A_23_P74290	2.369	4.315
A_23_P74581	0.842	4.366
A_23_P74895	-0.878	5.102
A_23_P75786	1.438	5.986
A_23_P75811	1.22	4.752
A_23_P76078	0.775	3.391
A_23_P76291	0.581	3.645
A_23_P76774	3.905	5.693
A_23_P76914	1.292	3.336
A_23_P79331	1.734	3.722
A_23_P80718	1.44	3.976
A_23_P81898	2.467	4.396
A_23_P819	6.076	10.321
A_23_P85441	-0.43	3.507
A_23_P85765	2.113	3.744
A_23_P8640	1.132	3.362
A_23_P86470	6.985	6.893
A_23_P87150	0.729	3.927
A_23_P87545	1.9	6.971
A_23_P87879	1.571	5.421
A_23_P88234	0.866	4.023
A_23_P89310	-0.666	4.589
A_23_P90172	1.21	5.475
A_23_P91350	0.457	3.401
A_23_P91430	2.828	5.831
A_23_P92614	0.713	4.714
A_23_P93792	0.542	3.899
A_23_P9415	-0.596	3.863
A_23_P97064	1.22	4.081
A_23_P99076	0.686	4.012
A_23_P99632	0.732	4.423
A_24_P101391	-1.367	6.928
A_24_P101651	1.954	3.584
A_24_P107897	0.473	3.494
A_24_P11061	2.906	7.366
A_24_P113572	0.675	3.608
A_24_P120934	1.072	4.247
A_24_P12401	1.566	6.955
A_24_P12435	0.891	5.584
A_24_P12626	1.578	4.625
A_24_P141707	1.461	3.435
A_24_P145911	0.851	4.715
A_24_P151727	-0.828	3.959
A_24_P15502	1.756	6.74
A_24_P157926	2.31	7.753
A_24_P160104	0.5	3.28
A_24_P161018	3.908	9.13
A_24_P16124	1.881	6.528
A_24_P167338	0.716	3.657
A_24_P172481	4.248	6.734
A_24_P175187	5.041	6.273
A_24_P181101	0.479	3.083
A_24_P181295	-0.687	3.64
A_24_P182494	1.725	4.894
A_24_P183150	2.059	6.684
A_24_P186943	1.082	3.854
A_24_P191312	0.719	4.47
A_24_P192805	1.932	3.567
A_24_P194688	0.52	3.164
A_24_P207139	1.912	7.008
A_24_P208081	2.153	4.23
A_24_P211842	1.372	3.128
A_24_P214598	1.245	4.593
A_24_P215765	1.903	5.932
A_24_P21752	0.465	3.516
A_24_P221485	0.553	3.125
A_24_P227927	1.838	3.09
A_24_P23034	1.162	4.468
A_24_P233786	0.906	4.979
A_24_P239606	0.566	3.915
A_24_P241815	0.758	3.113
A_24_P243749	0.84	3.379
A_24_P245379	1.142	3.726
A_24_P248185	-0.409	3.083
A_24_P252078	0.851	4.042
A_24_P257416	2.409	6.963
A_24_P261383	0.429	3.321
A_24_P264664	0.535	3.365
A_24_P267592	1.967	5.558
A_24_P270460	4.34	9.034
A_24_P272310	-0.508	3.179
A_24_P274270	4.095	7.876
A_24_P280328	1.148	3.171
A_24_P28295	0.861	3.651
A_24_P287043	1.809	6.694
A_24_P28722	3.101	7.625
A_24_P296070	0.585	3.428
A_24_P297539	-0.356	3.122
A_24_P30194	2.509	7.058
A_24_P303091	7.201	10.455
A_24_P304071	6.169	7.182
A_24_P306443	0.601	3.507
A_24_P307827	0.972	4.877
A_24_P311926	0.735	4.454
A_24_P317762	3.259	6.115
A_24_P319374	2.154	3.162
A_24_P33508	0.525	3.124
A_24_P335305	2.878	6.98
A_24_P335620	1.044	4.581
A_24_P336474	0.44	3.615
A_24_P337058	0.698	4.504
A_24_P33895	2.418	6.467
A_24_P349196	0.751	4.522
A_24_P355267	0.523	3.192
A_24_P356916	1.222	5.594
A_24_P362317	0.881	5.587
A_24_P373768	1.457	4.831
A_24_P378019	2.612	7.603
A_24_P379750	0.507	3.934
A_24_P382319	2.974	6.066
A_24_P383523	0.812	4.003
A_24_P383609	-0.485	3.591
A_24_P385611	5.123	7.214
A_24_P386622	-0.51	3.312
A_24_P394246	0.963	5.985
A_24_P398323	1.686	3.12
A_24_P399083	0.522	3.33
A_24_P399630	-0.36	3.064
A_24_P402588	0.821	3.757
A_24_P408047	1.045	4.115
A_24_P414719	-0.616	3.281
A_24_P418044	0.807	4.938
A_24_P450596	-0.511	3.362
A_24_P462853	1.316	3.236
A_24_P484797	0.611	3.561
A_24_P48898	1.492	7.196
A_24_P557479	5.212	6.108
A_24_P56317	0.489	3.362
A_24_P567298	4.364	5.659
A_24_P62659	-0.764	3.581
A_24_P68079	2.933	6.027
A_24_P68222	1.093	3.133
A_24_P709476	0.729	3.805
A_24_P7157	1.308	3.79
A_24_P860703	0.523	3.244
A_24_P89891	1.866	3.176
A_24_P91701	0.796	3.934
A_24_P930111	0.951	3.132
A_24_P941167	3.839	5.768
A_24_P941866	2.358	3.258
A_24_P941912	3.653	8.54
A_24_P942921	-1.746	3.226
A_24_P943894	-0.477	3.458
A_24_P95439	1.083	4.699
A_24_P96961	0.513	3.482
A_32_P157945	2.242	3.69
A_32_P163247	0.975	3.269
A_32_P177040	1.915	5.069
A_32_P184488	0.495	3.086
A_32_P205624	0.418	3.067
A_32_P207169	-0.481	3.119
A_32_P24372	0.58	3.127
A_32_P29118	1.189	3.962
A_32_P347617	1.217	3.224
A_32_P36235	0.65	3.889
A_32_P36694	0.518	3.96
A_32_P37360	0.54	3.513
A_32_P4018	-0.597	3.306
A_32_P416583	0.668	3.573
A_32_P460973	1.006	5.325
A_32_P473302	0.928	3.672
A_32_P514599	-0.519	3.442
A_32_P54553	5.179	10.354
A_32_P55241	1.967	5.294
A_32_P60459	0.724	3.747
A_32_P60635	2.138	3.596
A_32_P69166	0.506	3.155
A_32_P75094	0.845	3.316
A_32_P75661	0.575	3.158
A_32_P76035	1.445	4.885
A_32_P78816	0.502	3.79
A_32_P89827	0.744	3.459
A_32_P92489	4.717	6.771
A_32_P94660	0.442	3.2
A_33_P3211153	0.563	3.303
A_33_P3211203	0.572	3.624
A_33_P3211513	0.749	5.042
A_33_P3212456	1.07	3.064
A_33_P3213064	1.3	6.108
A_33_P3213493	0.539	3.116
A_33_P3214105	1.882	5.69
A_33_P3214650	2.655	6.273
A_33_P3215720	0.495	3.854
A_33_P3216150	0.715	3.538
A_33_P3219572	0.781	4.022
A_33_P3220347	0.651	3.751
A_33_P3220352	0.744	4.791
A_33_P3220911	8.756	8.521
A_33_P3221303	0.426	3.116
A_33_P3223056	0.641	3.881
A_33_P3223239	0.683	4.54
A_33_P3224070	0.551	3.27
A_33_P3224090	2.373	3.153
A_33_P3224858	2.24	7.363
A_33_P3225512	2.278	5.092
A_33_P3225522	5.764	9.722
A_33_P3226377	0.685	4.479
A_33_P3226810	2.397	3.325
A_33_P3227472	0.443	3.382
A_33_P3228132	-1.5	3.198
A_33_P3228959	-0.475	3.395
A_33_P3229241	1.096	3.9
A_33_P3233125	-0.51	3.38
A_33_P3234657	-0.739	4.766
A_33_P3235546	0.774	3.324
A_33_P3236157	-0.386	3.159
A_33_P3236516	0.874	3.946
A_33_P3236517	0.924	4.554
A_33_P3237634	0.682	3.792
A_33_P3238074	2.864	6.083
A_33_P3238315	0.647	4.18
A_33_P3239122	0.544	3.188
A_33_P3239123	0.828	3.506
A_33_P3240538	0.538	3.851
A_33_P3240767	0.535	3.546
A_33_P3240843	3.379	5.638
A_33_P3241204	4.72	5.765
A_33_P3242623	1.074	5.647
A_33_P3244728	-0.969	5.036
A_33_P3246985	1.442	5.168
A_33_P3247838	0.804	4.477
A_33_P3248420	0.572	3.976
A_33_P3251108	0.625	4.116
A_33_P3252394	0.968	5.43
A_33_P3253264	0.689	3.166
A_33_P3253401	1.057	5.111
A_33_P3253460	-0.551	4.033
A_33_P3254801	1.164	5.879
A_33_P3256113	0.986	4.853
A_33_P3257150	-0.76	4.523
A_33_P3258346	2.24	3.582
A_33_P3258510	-0.786	4.76
A_33_P3259112	1.653	3.235
A_33_P3259861	-0.782	4.193
A_33_P3261182	0.503	3.722
A_33_P3262181	0.804	4.566
A_33_P3262485	0.805	3.533
A_33_P3264815	-0.525	3.698
A_33_P3264846	4.595	6.745
A_33_P3264895	0.598	3.791
A_33_P3264926	0.962	3.531
A_33_P3265205	2.828	5.146
A_33_P3265264	1.321	3.525
A_33_P3265394	0.966	3.382
A_33_P3266964	-0.523	3.124
A_33_P3267865	1.024	3.843
A_33_P3268124	0.593	4.094
A_33_P3268532	1.425	5.143
A_33_P3268954	0.527	3.319
A_33_P3269924	1.529	5.512
A_33_P3273752	1.215	3.292
A_33_P3273854	0.752	3.303
A_33_P3274164	-0.773	4.911
A_33_P3274304	-0.531	3.648
A_33_P3276435	0.658	3.284
A_33_P3278068	0.801	4.663
A_33_P3278684	2.364	3.508
A_33_P3282181	-0.446	3.405
A_33_P3282634	1.236	3.361
A_33_P3283611	5.672	9.611
A_33_P3285629	1.588	3.94
A_33_P3287348	1.04	4.137
A_33_P3287997	1.071	3.873
A_33_P3289865	0.961	4.027
A_33_P3290573	0.763	4.752
A_33_P3290853	2.03	3.344
A_33_P3291871	3.409	4.138
A_33_P3293918	0.775	4.117
A_33_P3294608	0.712	3.099
A_33_P3294881	0.757	4.482
A_33_P3296707	-0.369	3.094
A_33_P3297517	0.981	4.4
A_33_P3298980	2.513	6.345
A_33_P3303562	2.371	6.172
A_33_P3304242	0.774	3.502
A_33_P3306103	0.735	3.441
A_33_P3307163	2.076	5.509
A_33_P3308132	-0.449	3.755
A_33_P3308347	-1.032	3.3
A_33_P3311165	0.833	4.281
A_33_P3311994	-0.938	3.373
A_33_P3313421	0.512	3.522
A_33_P3313846	1.189	3.995
A_33_P3315779	4.332	7.503
A_33_P3316539	-0.596	4.203
A_33_P3317317	-0.4	3.304
A_33_P3317548	-1.121	3.241
A_33_P3317558	0.98	4.125
A_33_P3319502	0.556	3.932
A_33_P3323298	1.069	5.113
A_33_P3323803	0.627	4.181
A_33_P3325195	0.598	3.206
A_33_P3325336	-1.022	5.307
A_33_P3325395	1.457	3.226
A_33_P3325502	-1.071	3.168
A_33_P3325914	0.628	4.147
A_33_P3326992	0.61	3.168
A_33_P3328559	0.414	3.247
A_33_P3329428	-1.434	4.659
A_33_P3330109	0.922	5.659
A_33_P3330712	-1.134	4.15
A_33_P3331178	1.337	3.515
A_33_P3331366	2.637	7.6
A_33_P3331391	2.672	4.628
A_33_P3331426	0.477	3.297
A_33_P3331652	1.428	5.564
A_33_P3332302	0.971	3.531
A_33_P3332625	0.881	3.707
A_33_P3332970	1.222	5.707
A_33_P3333317	0.901	4.574
A_33_P3333820	-0.4	3.166
A_33_P3335661	1.282	4.291
A_33_P3338631	0.511	3.231
A_33_P3340404	0.404	3.217
A_33_P3342628	0.733	3.153
A_33_P3343175	6.996	11.662
A_33_P3344405	0.46	3.316
A_33_P3344406	0.616	3.644
A_33_P3345816	1.438	3.639
A_33_P3347037	1.213	3.53
A_33_P3348046	0.958	4.25
A_33_P3348234	0.856	3.639
A_33_P3348328	-0.516	3.456
A_33_P3348872	5.692	10.862
A_33_P3350634	-0.852	4.962
A_33_P3350703	1.807	4.787
A_33_P3353051	0.44	3.221
A_33_P3353991	1.943	4.445
A_33_P3354429	-0.586	4.501
A_33_P3356290	1.085	4.205
A_33_P3360341	1.167	3.783
A_33_P3362521	0.46	3.268
A_33_P3362826	0.564	3.38
A_33_P3363188	1.162	5.267
A_33_P3363245	0.93	3.243
A_33_P3364348	-0.55	3.313
A_33_P3364389	0.582	3.535
A_33_P3365985	-0.799	3.569
A_33_P3368950	-1.766	3.357
A_33_P3370212	1.675	3.714
A_33_P3372910	3.224	8.943
A_33_P3374673	0.821	3.764
A_33_P3374957	-0.518	3.753
A_33_P3375145	1.426	3.276
A_33_P3375950	-0.708	4.694
A_33_P3376965	2.159	6.199
A_33_P3376971	1.872	6.722
A_33_P3379391	1.08	3.122
A_33_P3379681	1.623	4.171
A_33_P3379939	0.613	3.831
A_33_P3379947	0.836	4.735
A_33_P3379962	0.543	4.019
A_33_P3380883	0.872	3.922
A_33_P3381996	1.24	3.064
A_33_P3382351	-0.683	4.676
A_33_P3383866	0.526	3.778
A_33_P3385351	1.122	3.261
A_33_P3390456	0.958	4.109
A_33_P3390950	0.946	5.05
A_33_P3391167	-0.656	3.241
A_33_P3393504	1.187	3.472
A_33_P3393821	0.731	4.583
A_33_P3395848	0.922	3.077
A_33_P3396473	0.422	3.53
A_33_P3396972	0.991	3.371
A_33_P3397323	1.132	6.326
A_33_P3397418	2.077	7.584
A_33_P3397865	0.597	4.154
A_33_P3398448	3.298	8.119
A_33_P3399208	0.612	3.986
A_33_P3400292	2.604	8.091
A_33_P3400374	3.499	8.198
A_33_P3401826	3.282	9.134
A_33_P3402600	0.69	3.891
A_33_P3403851	1.857	6.042
A_33_P3404676	-1.994	4.669
A_33_P3405399	1.382	3.249
A_33_P3405459	-0.41	3.615
A_33_P3406090	0.815	3.252
A_33_P3407400	0.516	4.138
A_33_P3412975	-0.844	4.922
A_33_P3413905	1.122	3.984
A_33_P3414799	-1.497	5.394
A_33_P3418170	4.068	9.351
A_33_P3418597	-0.474	3.55
A_33_P3420545	2.222	3.622
A_33_P3420852	-0.52	3.541
A_33_P3422802	2.434	8.076
A_33_P3422810	2.312	3.936
A_33_P3423027	0.674	3.787
A_33_P3423631	-0.541	3.958
A_33_P3423941	7.056	10.209
A_33_P3424367	2.709	3.566
A_33_P3424800	0.902	4.893
A_33_P3424803	0.891	4.962
A_33_P3466016	1.157	5.753
A_33_P3619171	0.974	5.198
A_33_P3687198	0.882	4.468
A_33_P3696837	1.283	3.663
A_33_P3711933	-0.562	3.364
A_33_P3718734	1.199	5.188
A_33_P3781394	0.484	3.189
A_33_P3794213	0.844	3.087
A_33_P3799692	-0.49	3.623
A_33_P3826751	1.873	6.385
A_33_P3878772	0.503	3.069
A_33_P3892608	0.861	4.603
ERCC-00067_104	1.01	3.219
ERCC-00142_99	4.376	8.27
ETG09_35454	3.2	3.498
